discount,name,unit,current_price,original_price
₹186,Pepe Jeans Men's Premium Track Pant | Black - M,1 pc,1013,1199
₹194,Pepe Jeans 100% Cotton Men's Vest - L | Comfortable Fit,1 pc,405,599
₹536,Pepe Jeans Men's Cotton Regular Fit Mid Rise Waist Shorts | Black - M,1 pc,663,1199
₹599,Pepe Jeans Men's Dry Fit Gym T-Shirt | Black | S,1 pc,400,999
₹47,Pepe Jeans Men's Premium Cotton Brief | Red | M,1 pc,282,329
₹330,Pepe Jeans Men's Cotton Solid Tank Top | Lightweight and Soft | ATV02 | Black - S,1 pc,319,649
₹178,Pepe Jeans Men's Printed Dark Grey Boxer - XL,1 pc,371,549
₹846,Pepe Jeans Men's Lounge Track Pants | Navy - S,1 pc,553,1399
₹389,Pepe Jeans Men's Lounge Track Pants | Black - L,1 pc,1010,1399
₹40,Pepe Jeans Men's Solid Black Brief | S,1 pc,239,279
₹40,Pepe Jeans Men's Solid True Blue Brief | S,1 pc,239,279
₹178,Pepe Jeans Men's Printed Rumba Red Boxer - S,1 pc,371,549
₹262,Pepe Jeans 100% Cotton Men's Vest - M | Smooth Seams,1 pack (2 pcs),387,649
₹178,Pepe Jeans Cotton Men's Boxer - S | Breathable Fabric,1 pc,371,549
₹811,Pepe Jeans Men's Cotton Rich Solid Mid-Rise Stretch Fabric Ultra Soft Track Pant | Black - S,1 pc,588,1399
₹423,Pepe Jeans Men's Premium Track Pant | Navy - S,1 pc,1376,1799
₹40,Pepe Jeans Men's Solid Black Brief | XL,1 pc,239,279
₹186,Pepe Jeans Men's Premium Track Pant | Black - L,1 pc,1013,1199
₹779,Pepe Jeans Men's Premium Track Pant | Astral Blue - L,1 pc,1120,1899
₹560,Pepe Jeans Men's Premium Lounge Pant | Black - M,1 pc,1139,1699
₹389,Pepe Jeans Men's Lounge Track Pants | Black - S,1 pc,1010,1399
₹560,Pepe Jeans Men's Premium Lounge Pant | Navy - M,1 pc,1139,1699
₹421,Pepe Jeans Men's Premium Track Pant | Astral Blue - M,1 pc,1478,1899
₹389,Pepe Jeans Men's Lounge Track Pant | Navy - M,1 pc,1010,1399
₹869,Pepe Jeans Men's Track Pant Premium | Phantom Black - M,1 pc,1030,1899
₹536,Pepe Jeans Men's Cotton Regular Fit Mid Rise Waist Shorts | Black - S,1 pc,663,1199
₹536,Pepe Jeans Men's Cotton Regular Fit Mid Rise Waist Shorts | Black - L,1 pc,663,1199
₹1.2K,Pepe Jeans Men's Premium Track Pant | Astral Blue - XL,1 pack (2 pcs),710,1899
₹559,Pepe Jeans Men's Premium Lounge Pant | Navy - L,1 pc,1140,1699
₹370,Pepe Jeans Men's Premium Track Pant | Navy - L,1 pc,829,1199
₹389,Pepe Jeans Men's Lounge Track Pants | Black - XL,1 pc,1010,1399
₹453,Pepe Jeans Men's Premium Track Pant | Navy - XL,1 pc,1346,1799
₹194,Pepe Jeans 100% Cotton Men's Vest - XL | Comfortable Fit,1 pc,405,599
₹590,Pepe Jeans Mens Dry Fit Gym T-Shirt | Pink - S,1 pc,409,999
₹811,Pepe Jeans Men's Cotton Rich Solid Mid-Rise Track Pant | Blue Melange - S,1 pc,588,1399
₹99,Pepe Jeans Mens Dry Fit Gym T-Shirt | Black - M,1 pc,900,999
₹530,Pepe Jeans Women's Premium Track Pant Black - M,1 pc,1069,1599
₹193,Pepe Jeans Men's Solid Charcoal Melange Brief | M,1 pc,286,479
₹599,Pepe Jeans Mens Dry Fit Gym T-Shirt | Pink - M,1 pc,400,999
₹210,"Pepe Jeans Premium Cotton Hipsters (Pack Of 3), Multicolor, M Panty",1 pack (3 pcs),389,599
₹330,Pepe Jeans Men's Cotton Solid Tank Top | Lightweight and Soft | ATV02 | Black - L,1 pc,319,649
₹590,Pepe Jeans Mens Dry Fit Gym T-Shirt | Black - XXL,1 pc,409,999
